avg_area,std_area,avg_volume,std_volume,avg_compactness,std_compactness,avg_sphericity,std_sphericity,avg_diameter,std_diameter,avg_aabb_vol,std_aabb_vol,avg_rect,std_rect,avg_eccent,std_eccent
1.6222066432204427,1.6907789566177496,0.03630299158652194,0.06006091856337325,3287366.3291013357,136478620.90533707,0.06949611938273861,0.13199225244789972,1.2706512719463132,0.1689801930908517,0.2637988235865221,0.22175475821315202,0.1421121644854369,0.14511448664186344,298.0525053137849,7397.94101508725
